{"cameraMode":{"drawMode":0,"name":"Shaded","section":"Shading Mode"},"sceneLighting":true,"audioPlay":false,"sceneViewState":{"showFog":true,"showMaterialUpdate":false,"showSkybox":true,"showFlares":true,"showImageEffects":true,"showParticleSystems":true},"in2DMode":false,"pivot":{"x":-1.7460777759552003,"y":-2.41828989982605,"z":1.3335009813308716},"rotation":{"x":-0.30515387654304507,"y":0.06336134672164917,"z":-0.020350685343146325,"w":-0.9499833583831787},"size":7.007930278778076,"orthographic":false}